City_ID,City,Country,Date,Lat,Lng,Max Temp,Humidity,Cloudiness,Wind Speed,Current Description
0,khatanga,RU,2020-12-05 19:18:46,71.97,102.5,4.95,94,100,18.9,light snow
1,pisco,PE,2020-12-05 19:18:46,-13.7,-76.22,73.4,69,0,8.05,clear sky
2,bluff,NZ,2020-12-05 19:18:46,-46.6,168.33,52.0,81,41,1.99,scattered clouds
3,codrington,AU,2020-12-05 19:18:46,-38.27,141.97,50.79,76,100,17.38,light rain
4,hithadhoo,MV,2020-12-05 19:18:46,-0.6,73.08,82.81,77,12,19.73,few clouds
5,auki,SB,2020-12-05 19:18:47,-8.77,160.7,76.93,87,100,6.55,moderate rain
6,busselton,AU,2020-12-05 19:18:47,-33.65,115.33,51.01,87,2,6.6,clear sky
7,buenos aires,AR,2020-12-05 19:17:40,-34.61,-58.38,70.0,48,20,9.17,few clouds
8,mataura,NZ,2020-12-05 19:18:47,-46.19,168.86,52.0,81,66,1.99,broken clouds
9,flin flon,CA,2020-12-05 19:18:47,54.77,-101.86,28.4,100,90,3.36,fog
10,quatre cocos,MU,2020-12-05 19:18:47,-20.21,57.76,77.0,78,20,6.93,few clouds
11,hokitika,NZ,2020-12-05 19:18:47,-42.72,170.97,53.82,83,94,3.27,overcast clouds
12,narsaq,GL,2020-12-05 19:18:47,60.92,-46.05,32.0,98,75,2.24,snow
13,ushuaia,AR,2020-12-05 19:18:47,-54.8,-68.3,53.6,66,40,23.04,light rain
14,lashio,MM,2020-12-05 19:18:47,22.93,97.75,52.72,95,0,1.5,clear sky
15,porto novo,BJ,2020-12-05 19:18:47,6.5,2.6,84.2,79,20,11.41,few clouds
16,paamiut,GL,2020-12-05 19:18:47,61.99,-49.67,32.74,95,100,19.89,light snow
17,lorengau,PG,2020-12-05 19:18:47,-2.02,147.27,83.66,72,56,8.55,broken clouds
18,mahebourg,MU,2020-12-05 19:18:48,-20.41,57.7,77.0,78,20,6.93,few clouds
19,ixtapa,MX,2020-12-05 19:18:48,20.7,-105.2,77.0,69,75,3.58,broken clouds
20,kalga,RU,2020-12-05 19:18:48,50.93,118.9,-5.46,91,46,2.19,scattered clouds
21,ilulissat,GL,2020-12-05 19:18:48,69.22,-51.1,30.2,86,75,9.17,light snow
22,omboue,GA,2020-12-05 19:18:48,-1.57,9.26,76.48,86,100,3.83,overcast clouds
23,kahului,US,2020-12-05 19:15:42,20.89,-156.47,75.99,68,20,8.03,few clouds
24,east london,ZA,2020-12-05 19:18:48,-33.02,27.91,66.2,93,90,10.29,light rain
25,atuona,PF,2020-12-05 19:18:48,-9.8,-139.03,78.39,74,11,19.33,few clouds
26,rikitea,PF,2020-12-05 19:18:48,-23.12,-134.97,76.87,77,0,13.06,clear sky
27,cairns,AU,2020-12-05 19:18:48,-16.92,145.77,73.4,83,40,2.26,scattered clouds
28,cidreira,BR,2020-12-05 19:18:48,-30.18,-50.21,65.39,70,100,10.63,overcast clouds
29,leningradskiy,RU,2020-12-05 19:18:48,69.38,178.42,8.47,87,11,2.91,few clouds
30,ribeira grande,PT,2020-12-05 19:18:49,38.52,-28.7,59.0,67,75,5.82,broken clouds
31,sao miguel do araguaia,BR,2020-12-05 19:18:49,-13.28,-50.16,95.81,35,31,3.74,scattered clouds
32,arraial do cabo,BR,2020-12-05 19:18:49,-22.97,-42.03,82.4,78,40,14.99,scattered clouds
33,san carlos de bariloche,AR,2020-12-05 19:18:49,-41.15,-71.31,78.8,10,0,11.41,clear sky
34,balykshi,KZ,2020-12-05 19:18:49,47.07,51.87,12.2,72,0,8.95,clear sky
35,lamu,KE,2020-12-05 19:15:00,-2.27,40.9,82.4,78,1,6.93,clear sky
36,bethel,US,2020-12-05 19:18:49,41.37,-73.41,39.2,86,90,16.11,moderate rain
37,hermanus,ZA,2020-12-05 19:18:49,-34.42,19.23,64.99,74,87,4.0,overcast clouds
38,norman wells,CA,2020-12-05 19:18:49,65.28,-126.83,12.2,85,75,8.05,light snow
39,punta arenas,CL,2020-12-05 19:15:48,-53.15,-70.92,57.2,67,75,19.46,broken clouds
40,trincomalee,LK,2020-12-05 19:17:12,8.57,81.23,78.94,84,88,10.16,overcast clouds
41,champerico,GT,2020-12-05 19:18:49,14.3,-91.92,86.0,62,75,6.93,broken clouds
42,kamenka,RU,2020-12-05 19:18:49,51.32,42.77,16.16,89,0,8.1,clear sky
43,havoysund,NO,2020-12-05 19:18:49,71.0,24.66,35.6,74,75,34.45,broken clouds
44,alma,CA,2020-12-05 19:18:25,48.55,-71.65,24.8,73,8,3.36,clear sky
45,vaini,TO,2020-12-05 19:18:49,-21.2,-175.2,75.2,88,75,5.82,broken clouds
46,pangnirtung,CA,2020-12-05 19:18:49,66.15,-65.71,21.2,79,90,5.82,light snow
47,new norfolk,AU,2020-12-05 19:18:50,-42.78,147.06,54.0,78,62,7.0,broken clouds
48,klaksvik,FO,2020-12-05 19:18:50,62.23,-6.59,37.4,78,100,8.05,light rain
49,ancud,CL,2020-12-05 19:18:50,-41.87,-73.82,68.0,52,0,8.05,clear sky
50,udachnyy,RU,2020-12-05 19:18:50,66.42,112.4,6.8,84,0,8.95,clear sky
51,dunedin,NZ,2020-12-05 19:18:50,-45.87,170.5,52.0,65,50,7.0,scattered clouds
52,sur,OM,2020-12-05 19:18:50,22.57,59.53,74.93,64,0,5.61,clear sky
53,kavieng,PG,2020-12-05 19:18:50,-2.57,150.8,82.2,73,0,11.86,clear sky
54,sao filipe,CV,2020-12-05 19:18:50,14.9,-24.5,75.69,78,16,8.75,few clouds
55,chuy,UY,2020-12-05 19:18:50,-33.7,-53.46,61.93,55,65,9.62,broken clouds
56,butaritari,KI,2020-12-05 19:18:50,3.07,172.79,81.28,79,100,14.36,moderate rain
57,jamestown,US,2020-12-05 19:17:18,42.1,-79.24,34.0,92,90,8.05,overcast clouds
58,castro,BR,2020-12-05 19:18:50,-24.79,-50.01,65.98,87,100,8.9,moderate rain
59,souillac,MU,2020-12-05 19:18:51,-20.52,57.52,77.0,78,20,6.93,few clouds
60,dickinson,US,2020-12-05 19:18:51,29.46,-95.05,52.0,71,90,3.36,overcast clouds
61,piacabucu,BR,2020-12-05 19:18:51,-10.41,-36.43,81.1,69,82,13.65,broken clouds
62,saint george,US,2020-12-05 19:14:23,37.1,-113.58,44.6,16,1,3.36,clear sky
63,fortuna,US,2020-12-05 19:18:51,40.6,-124.16,60.01,52,100,4.0,overcast clouds
64,nemuro,JP,2020-12-05 19:18:33,43.32,145.57,36.66,80,19,10.63,few clouds
65,sitka,US,2020-12-05 19:18:51,57.05,-135.33,48.2,70,90,5.82,moderate rain
66,hobart,AU,2020-12-05 19:14:36,-42.88,147.33,57.2,62,40,14.99,light rain
67,constitucion,CL,2020-12-05 19:18:51,-35.33,-72.42,65.28,63,14,5.64,few clouds
68,airai,TL,2020-12-05 19:18:51,-8.93,125.41,62.24,100,100,2.84,overcast clouds
69,dingle,PH,2020-12-05 19:18:51,11.0,122.67,75.78,91,5,5.41,light rain
70,gwadar,PK,2020-12-05 19:18:51,25.12,62.33,76.82,53,0,4.63,clear sky
71,port elizabeth,ZA,2020-12-05 19:18:51,-33.92,25.57,66.2,88,0,18.34,clear sky
72,taoudenni,ML,2020-12-05 19:18:51,22.68,-3.98,70.77,30,72,9.55,broken clouds
73,vryburg,ZA,2020-12-05 19:18:51,-26.96,24.73,71.89,57,3,10.29,clear sky
74,iqaluit,CA,2020-12-05 19:16:47,63.75,-68.51,15.8,85,75,14.99,broken clouds
75,villeneuve-sur-lot,FR,2020-12-05 19:18:52,44.5,0.67,44.6,87,90,4.7,overcast clouds
76,atar,MR,2020-12-05 19:18:52,20.52,-13.05,74.7,29,100,10.4,overcast clouds
77,hasaki,JP,2020-12-05 19:18:52,35.73,140.83,43.0,100,75,4.7,broken clouds
78,yerbogachen,RU,2020-12-05 19:18:52,61.28,108.01,9.81,94,100,15.99,light snow
79,rio grande,BR,2020-12-05 19:18:52,-32.03,-52.1,69.8,49,0,11.41,clear sky
80,deputatskiy,RU,2020-12-05 19:18:52,69.3,139.9,-16.46,89,97,3.62,overcast clouds
81,saumur,FR,2020-12-05 19:18:52,47.33,-0.25,43.0,93,75,2.24,broken clouds
82,saint-philippe,RE,2020-12-05 19:18:52,-21.36,55.77,77.0,65,0,3.36,clear sky
83,aloleng,PH,2020-12-05 19:18:52,16.13,119.78,79.77,86,21,10.22,few clouds
84,sorland,NO,2020-12-05 19:18:52,67.67,12.69,36.01,83,100,24.83,overcast clouds
85,kapaa,US,2020-12-05 19:14:23,22.08,-159.32,75.2,88,40,4.7,scattered clouds
86,yulara,AU,2020-12-05 19:18:52,-25.24,130.99,80.6,28,99,12.75,overcast clouds
87,lac du bonnet,CA,2020-12-05 19:18:53,50.25,-96.06,34.0,92,100,6.93,overcast clouds
88,vardo,NO,2020-12-05 19:18:53,70.37,31.11,34.2,90,100,27.0,overcast clouds
89,karratha,AU,2020-12-05 19:18:53,-20.74,116.85,84.16,62,1,5.77,clear sky
90,lakes entrance,AU,2020-12-05 19:18:53,-37.88,147.98,60.01,66,52,1.99,broken clouds
91,albany,US,2020-12-05 19:18:53,42.6,-73.97,37.99,79,100,12.48,overcast clouds
92,lithakia,GR,2020-12-05 19:18:53,37.72,20.83,60.8,77,40,10.29,scattered clouds
93,muli,MV,2020-12-05 19:18:53,2.92,73.57,82.65,76,53,13.47,broken clouds
94,marystown,CA,2020-12-05 19:18:53,47.17,-55.15,47.7,88,69,10.2,broken clouds
95,mbanza-ngungu,CD,2020-12-05 19:18:53,-5.25,14.87,70.09,93,100,2.28,overcast clouds
96,esil,KZ,2020-12-05 19:18:53,51.96,66.4,-0.62,91,0,5.97,clear sky
97,kurilsk,RU,2020-12-05 19:18:53,45.23,147.88,34.21,86,98,22.93,overcast clouds
98,mar del plata,AR,2020-12-05 19:16:43,-38.0,-57.56,60.8,55,20,12.75,few clouds
99,north platte,US,2020-12-05 19:14:14,41.12,-100.77,55.4,30,1,17.22,clear sky
100,staicele,LV,2020-12-05 19:18:54,57.84,24.75,36.0,91,100,7.0,overcast clouds
101,oranjestad,AW,2020-12-05 19:18:54,12.52,-70.03,84.2,79,40,14.99,scattered clouds
102,skjervoy,NO,2020-12-05 19:18:54,70.03,20.97,36.77,79,96,34.96,light rain
103,cabo san lucas,MX,2020-12-05 19:18:54,22.89,-109.91,75.0,40,5,5.82,clear sky
104,aklavik,CA,2020-12-05 19:18:54,68.22,-135.01,-22.0,74,20,2.24,few clouds
105,ipixuna,BR,2020-12-05 19:18:54,-1.76,-48.8,84.2,79,75,8.05,moderate rain
106,brezovo,BG,2020-12-05 19:18:54,42.35,25.08,46.99,100,90,4.7,mist
107,saskylakh,RU,2020-12-05 19:18:54,71.92,114.08,5.05,93,100,17.11,light snow
108,virginia beach,US,2020-12-05 19:18:54,36.85,-75.98,54.0,55,6,5.01,clear sky
109,chokurdakh,RU,2020-12-05 19:18:54,70.63,147.92,-29.49,83,41,7.56,scattered clouds
110,mayo,US,2020-12-05 19:18:54,38.89,-76.51,48.0,61,90,17.22,overcast clouds
111,hilo,US,2020-12-05 19:18:54,19.73,-155.09,73.0,73,1,4.7,clear sky
112,belyye berega,RU,2020-12-05 19:18:55,53.21,34.66,19.8,89,0,7.94,clear sky
113,cururupu,BR,2020-12-05 19:14:42,-1.83,-44.87,83.62,70,100,8.52,overcast clouds
114,rehoboth,NA,2020-12-05 19:18:55,-23.32,17.08,69.91,33,0,10.16,clear sky
115,nikolskoye,RU,2020-12-05 19:18:55,59.7,30.79,35.6,86,90,11.18,overcast clouds
116,belle glade,US,2020-12-05 19:18:55,26.68,-80.67,82.0,70,33,1.99,scattered clouds
117,alofi,NU,2020-12-05 19:18:55,-19.06,-169.92,78.8,94,98,3.36,overcast clouds
118,barahona,DO,2020-12-05 19:18:55,18.21,-71.1,86.0,66,20,13.87,few clouds
119,upernavik,GL,2020-12-05 19:18:55,72.79,-56.15,6.85,91,100,14.18,overcast clouds
120,mangaratiba,BR,2020-12-05 19:14:19,-22.96,-44.04,78.8,78,90,17.22,moderate rain
121,cherskiy,RU,2020-12-05 19:18:55,68.75,161.3,-9.47,81,5,3.49,clear sky
122,bay city,US,2020-12-05 19:18:55,43.59,-83.89,36.0,55,1,4.7,clear sky
123,kalaleh,IR,2020-12-05 19:18:55,37.38,55.49,48.2,81,40,2.89,scattered clouds
124,torbay,CA,2020-12-05 19:18:55,47.67,-52.73,51.01,93,75,17.22,light intensity drizzle
125,marsh harbour,BS,2020-12-05 19:18:55,26.54,-77.06,76.14,69,96,8.57,overcast clouds
126,hamadan,IR,2020-12-05 19:18:55,34.8,48.51,39.06,80,100,5.77,overcast clouds
127,axim,GH,2020-12-05 19:18:56,4.87,-2.24,79.25,82,100,6.73,overcast clouds
128,luderitz,NA,2020-12-05 19:18:56,-26.65,15.16,61.25,85,0,13.53,clear sky
129,cape town,ZA,2020-12-05 19:18:56,-33.93,18.42,69.8,60,0,13.87,clear sky
130,ostrovnoy,RU,2020-12-05 19:18:56,68.05,39.51,32.97,94,100,23.85,light snow
131,ahipara,NZ,2020-12-05 19:18:56,-35.17,173.17,62.94,81,19,9.73,few clouds
132,mitsamiouli,KM,2020-12-05 19:18:56,-11.38,43.28,82.2,68,2,4.52,clear sky
133,aswan,EG,2020-12-05 19:18:56,24.09,32.91,64.31,27,0,8.88,clear sky
134,padang,ID,2020-12-05 19:18:56,-0.95,100.35,77.92,78,92,3.74,overcast clouds
135,rio gallegos,AR,2020-12-05 19:15:13,-51.62,-69.22,69.8,37,0,21.92,clear sky
136,ust-barguzin,RU,2020-12-05 19:18:56,53.45,108.98,12.04,92,99,7.02,light snow
137,mackay,AU,2020-12-05 19:15:57,-21.15,149.2,72.0,88,90,5.82,overcast clouds
138,hami,CN,2020-12-05 19:18:56,42.8,93.45,18.91,82,46,5.57,scattered clouds
139,novikovo,RU,2020-12-05 19:18:56,51.15,37.89,22.21,78,0,9.28,clear sky
140,puerto ayora,EC,2020-12-05 19:18:56,-0.74,-90.35,80.6,61,0,17.22,clear sky
141,kutno,PL,2020-12-05 19:18:56,52.23,19.36,48.99,70,0,9.17,clear sky
142,geraldton,AU,2020-12-05 19:18:57,-28.77,114.6,59.0,77,0,12.75,clear sky
143,rawson,AR,2020-12-05 19:18:57,-43.3,-65.1,75.29,26,0,16.26,clear sky
144,port alfred,ZA,2020-12-05 19:18:57,-33.59,26.89,67.82,85,58,21.12,broken clouds
145,nabire,ID,2020-12-05 19:16:13,-3.37,135.48,76.48,93,100,3.76,heavy intensity rain
146,kaitangata,NZ,2020-12-05 19:18:57,-46.28,169.85,46.45,79,36,2.91,scattered clouds
147,kondinskoye,RU,2020-12-05 19:18:57,59.65,67.41,11.03,95,0,7.78,clear sky
148,anadyr,RU,2020-12-05 19:18:57,64.75,177.48,26.6,79,0,11.18,clear sky
149,nalut,LY,2020-12-05 19:18:57,30.33,10.85,63.64,30,0,9.46,clear sky
150,half moon bay,US,2020-12-05 19:18:57,37.46,-122.43,62.01,62,5,6.93,clear sky
151,tuktoyaktuk,CA,2020-12-05 19:18:57,69.45,-133.04,-4.0,83,20,12.75,few clouds
152,srivardhan,IN,2020-12-05 19:18:57,18.03,73.02,74.75,51,0,6.06,clear sky
153,kodiak,US,2020-12-05 19:18:57,57.79,-152.41,26.6,63,20,14.99,few clouds
154,coahuayana,MX,2020-12-05 19:18:57,18.73,-103.68,78.8,61,40,5.82,scattered clouds
155,celestun,MX,2020-12-05 19:18:58,20.87,-90.4,80.02,76,31,10.38,scattered clouds
156,belen,TR,2020-12-05 19:18:58,36.49,36.22,51.8,71,40,5.82,scattered clouds
157,barrow,US,2020-12-05 19:15:43,71.29,-156.79,8.6,71,75,25.28,broken clouds
158,yellowknife,CA,2020-12-05 19:17:30,62.46,-114.35,23.0,92,90,3.2,fog
159,avarua,CK,2020-12-05 19:16:46,-21.21,-159.78,80.6,83,94,9.17,overcast clouds
160,grindavik,IS,2020-12-05 19:18:58,63.84,-22.43,26.6,100,90,8.05,snow
161,nome,US,2020-12-05 19:18:58,64.5,-165.41,17.6,67,90,11.41,overcast clouds
162,emba,KZ,2020-12-05 19:18:58,48.83,58.14,0.68,91,0,9.4,clear sky
163,georgetown,MY,2020-12-05 19:18:58,5.41,100.34,80.6,74,20,5.82,few clouds
164,ilhabela,BR,2020-12-05 19:18:58,-23.78,-45.36,73.78,87,100,10.56,overcast clouds
165,beloha,MG,2020-12-05 19:18:58,-25.17,45.05,69.31,73,96,12.73,overcast clouds
166,tiksi,RU,2020-12-05 19:18:58,71.69,128.87,-15.39,87,57,6.91,broken clouds
167,pevek,RU,2020-12-05 19:18:58,69.7,170.31,-0.18,89,0,7.72,clear sky
168,sanchi,IN,2020-12-05 19:18:58,23.48,77.73,62.6,77,0,3.36,haze
169,fare,PF,2020-12-05 19:18:58,-16.7,-151.02,81.12,76,100,19.51,overcast clouds
170,port hardy,CA,2020-12-05 19:15:03,50.7,-127.42,51.8,66,75,14.18,broken clouds
171,bredasdorp,ZA,2020-12-05 19:18:59,-34.53,20.04,64.4,82,91,14.99,overcast clouds
172,bathsheba,BB,2020-12-05 19:18:59,13.22,-59.52,86.0,66,20,18.34,few clouds
173,qaanaaq,GL,2020-12-05 19:18:59,77.48,-69.36,-13.07,68,0,7.61,clear sky
174,faanui,PF,2020-12-05 19:18:59,-16.48,-151.75,79.95,79,100,19.28,light rain
175,shingu,JP,2020-12-05 19:18:59,33.73,135.98,44.58,68,0,5.08,clear sky
176,ayagoz,KZ,2020-12-05 19:18:59,47.97,80.44,12.99,95,82,5.01,broken clouds
177,aktau,KZ,2020-12-05 19:18:59,43.65,51.2,15.8,72,0,13.42,clear sky
178,culebra,PR,2020-12-05 19:18:59,18.3,-65.3,86.0,48,1,10.29,clear sky
179,imeni morozova,RU,2020-12-05 19:18:59,59.98,31.04,36.0,88,100,11.18,overcast clouds
180,manta,EC,2020-12-05 19:18:59,-0.95,-80.73,80.6,69,90,14.99,overcast clouds
181,hyeres,FR,2020-12-05 19:18:59,43.12,6.12,46.99,81,0,4.7,clear sky
182,ulagan,RU,2020-12-05 19:18:59,50.63,87.96,1.02,76,0,1.74,clear sky
183,goundam,ML,2020-12-05 19:18:59,16.41,-3.67,83.26,16,4,5.66,clear sky
184,hukuntsi,BW,2020-12-05 19:19:00,-24.0,21.75,81.93,35,61,10.8,broken clouds
185,la rioja,ES,2020-12-05 19:19:00,42.25,-2.5,44.6,75,90,11.41,overcast clouds
186,thompson,CA,2020-12-05 19:19:00,55.74,-97.86,15.8,92,90,4.7,overcast clouds
187,hofn,IS,2020-12-05 19:19:00,64.25,-15.21,26.33,86,99,10.33,overcast clouds
188,byron bay,AU,2020-12-05 19:19:00,-28.65,153.62,73.4,88,75,16.11,broken clouds
189,clyde river,CA,2020-12-05 19:19:00,70.47,-68.59,1.4,84,1,13.87,clear sky
190,cervo,ES,2020-12-05 19:19:00,43.67,-7.41,51.01,74,60,3.0,broken clouds
191,pandan,PH,2020-12-05 19:19:00,14.05,124.17,79.92,87,100,7.72,overcast clouds
192,yerofey pavlovich,RU,2020-12-05 19:19:00,53.97,121.97,3.97,91,100,1.74,overcast clouds
193,avera,US,2020-12-05 19:19:00,33.19,-82.53,59.0,44,1,9.17,clear sky
194,karpathos,GR,2020-12-05 19:19:00,35.51,27.21,60.8,77,0,3.36,clear sky
195,floro,NO,2020-12-05 19:19:00,61.6,5.03,35.6,69,0,9.17,clear sky
196,kutum,SD,2020-12-05 19:19:00,14.2,24.67,68.16,24,0,7.96,clear sky
197,christchurch,NZ,2020-12-05 19:15:32,-43.53,172.63,57.0,81,5,4.7,clear sky
198,mubi,NG,2020-12-05 19:19:01,10.27,13.26,77.4,20,0,5.46,clear sky
199,wadi maliz,TN,2020-12-05 19:19:01,36.47,8.55,51.8,71,40,9.17,light rain
200,thai nguyen,VN,2020-12-05 19:19:01,21.59,105.84,55.4,66,0,2.24,clear sky
201,stege,DK,2020-12-05 19:19:01,54.99,12.28,39.99,88,100,1.01,overcast clouds
202,totness,SR,2020-12-05 19:19:01,5.88,-56.32,83.7,69,98,9.91,overcast clouds
203,flinders,AU,2020-12-05 19:19:01,-34.58,150.86,69.8,52,40,16.11,scattered clouds
204,saint-denis,FR,2020-12-05 19:19:01,48.92,2.33,43.0,81,90,12.75,overcast clouds
205,leshukonskoye,RU,2020-12-05 19:19:01,64.9,45.76,28.33,97,100,10.33,overcast clouds
206,port blair,IN,2020-12-05 19:14:44,11.67,92.75,79.39,76,0,11.43,clear sky
207,port antonio,JM,2020-12-05 19:19:01,18.18,-76.46,86.0,66,75,12.75,broken clouds
208,vestmannaeyjar,IS,2020-12-05 19:19:01,63.44,-20.27,32.0,90,40,23.04,scattered clouds
209,bosaso,SO,2020-12-05 19:19:02,11.28,49.18,77.34,70,18,1.95,few clouds
210,guerrero negro,MX,2020-12-05 19:19:02,27.98,-114.06,70.99,21,0,1.99,clear sky
211,rundu,NA,2020-12-05 19:19:02,-17.93,19.77,76.66,62,68,3.4,broken clouds
212,mbandaka,CD,2020-12-05 19:19:02,0.05,18.26,73.29,92,100,8.21,moderate rain
213,riverton,US,2020-12-05 19:16:13,40.52,-111.94,39.99,55,1,0.94,clear sky
214,genhe,CN,2020-12-05 19:15:18,50.78,121.52,-1.34,91,100,1.3,overcast clouds
215,mount gambier,AU,2020-12-05 19:19:02,-37.83,140.77,51.8,76,75,11.41,broken clouds
216,qui nhon,VN,2020-12-05 19:15:18,13.77,109.23,69.4,90,99,13.94,light rain
217,ponta do sol,PT,2020-12-05 19:19:02,32.67,-17.1,59.0,72,40,11.41,scattered clouds
218,saint-francois,FR,2020-12-05 19:19:02,46.42,3.91,35.01,93,0,2.24,clear sky
219,bandarbeyla,SO,2020-12-05 19:19:02,9.49,50.81,75.94,80,1,13.85,clear sky
220,bundaberg,AU,2020-12-05 19:19:02,-24.85,152.35,77.0,73,75,11.41,broken clouds
221,lebu,CL,2020-12-05 19:19:02,-37.62,-73.65,60.24,64,0,13.47,clear sky
222,ucluelet,CA,2020-12-05 19:15:17,48.93,-125.55,53.6,58,75,12.75,broken clouds
223,victoria,HK,2020-12-05 19:15:02,22.29,114.16,63.0,69,0,7.23,clear sky
224,fort nelson,CA,2020-12-05 19:19:03,58.81,-122.7,32.0,84,75,2.24,broken clouds
225,khairpur,PK,2020-12-05 19:19:03,27.53,68.76,62.6,72,0,8.05,haze
226,tarko-sale,RU,2020-12-05 19:19:03,64.92,77.78,4.15,94,54,12.64,broken clouds
227,hamilton,US,2020-12-05 19:19:03,39.18,-84.53,46.0,60,40,8.05,scattered clouds
228,la ronge,CA,2020-12-05 19:19:03,55.1,-105.28,41.0,56,29,1.12,scattered clouds
229,esperance,AU,2020-12-05 19:19:03,-33.87,121.9,51.8,81,90,5.82,overcast clouds
230,kavaratti,IN,2020-12-05 19:19:03,10.57,72.64,82.22,75,34,7.45,light rain
231,aden,YE,2020-12-05 19:18:01,12.78,45.04,78.73,73,0,8.77,clear sky
232,pangkalanbuun,ID,2020-12-05 19:19:03,-2.68,111.62,74.86,96,100,3.4,overcast clouds
233,myrtle beach,US,2020-12-05 19:17:18,33.69,-78.89,61.0,47,1,14.99,clear sky
234,longyearbyen,SJ,2020-12-05 19:19:03,78.22,15.64,12.2,66,20,17.22,few clouds
235,hobyo,SO,2020-12-05 19:19:03,5.35,48.53,79.21,76,0,11.97,clear sky
236,ostersund,SE,2020-12-05 19:15:21,63.18,14.64,33.01,98,97,4.7,overcast clouds
237,sechenovo,RU,2020-12-05 19:19:03,55.22,45.89,10.83,89,4,4.63,clear sky
238,bilibino,RU,2020-12-05 19:19:04,68.05,166.44,-5.67,86,100,2.77,overcast clouds
239,gorontalo,ID,2020-12-05 19:19:04,0.54,123.06,76.51,88,97,2.95,overcast clouds
240,forbes,AU,2020-12-05 19:19:04,-33.38,148.02,61.0,93,0,3.0,clear sky
241,muchkapskiy,RU,2020-12-05 19:19:04,51.85,42.47,16.2,88,0,6.71,clear sky
242,kieta,PG,2020-12-05 19:19:04,-6.22,155.63,78.8,76,100,2.71,overcast clouds
243,dengzhou,CN,2020-12-05 19:16:09,37.81,120.75,35.91,74,100,7.99,overcast clouds
244,chinchani,IN,2020-12-05 19:19:04,19.87,72.7,75.25,50,81,6.11,broken clouds
245,ipu,BR,2020-12-05 19:19:04,-4.32,-40.71,95.2,27,39,7.27,scattered clouds
246,sabha,LY,2020-12-05 19:19:04,27.04,14.43,63.7,28,0,7.54,clear sky
247,myrtle grove,US,2020-12-05 19:19:04,30.42,-87.31,61.0,50,20,3.36,few clouds
248,sao jose,BR,2020-12-05 19:14:12,-28.23,-49.17,55.99,95,100,13.0,overcast clouds
249,sirpur,IN,2020-12-05 19:19:04,19.48,79.6,62.4,52,0,2.98,clear sky
250,jefferson city,US,2020-12-05 19:14:53,38.58,-92.17,55.99,53,1,5.1,clear sky
251,buraydah,SA,2020-12-05 19:19:05,26.33,43.98,68.0,100,75,5.82,mist
252,tautira,PF,2020-12-05 19:19:05,-17.73,-149.15,84.2,66,75,5.82,light rain
253,hare bay,CA,2020-12-05 19:19:05,48.85,-54.01,50.0,87,97,4.7,overcast clouds
254,pahrump,US,2020-12-05 19:19:05,36.21,-115.98,55.0,13,0,1.99,clear sky
255,shizukuishi,JP,2020-12-05 19:19:05,39.68,140.98,33.64,89,0,2.53,clear sky
256,karacabey,TR,2020-12-05 19:16:28,40.22,28.4,51.8,93,0,10.29,clear sky
257,ketchikan,US,2020-12-05 19:18:52,55.34,-131.65,48.2,100,90,28.86,heavy intensity rain
258,ashland,US,2020-12-05 19:19:05,40.82,-82.27,37.4,64,90,11.41,overcast clouds
259,gazojak,TM,2020-12-05 19:19:05,41.19,61.4,20.34,80,0,7.87,clear sky
260,ponta delgada,PT,2020-12-05 19:19:05,37.73,-25.67,57.2,71,40,8.05,scattered clouds
261,comodoro rivadavia,AR,2020-12-05 19:19:05,-45.87,-67.5,77.0,31,0,14.99,clear sky
262,sabang,ID,2020-12-05 19:19:05,5.89,95.32,76.89,91,100,11.65,overcast clouds
263,puerto colombia,CO,2020-12-05 19:19:05,10.99,-74.95,89.6,59,20,8.05,few clouds
264,lingao,CN,2020-12-05 19:19:05,19.91,109.69,63.79,77,66,6.93,broken clouds
265,longonjo,AO,2020-12-05 19:19:06,-12.91,15.25,64.26,85,76,1.81,broken clouds
266,mnogovershinnyy,RU,2020-12-05 19:19:06,53.94,139.92,0.73,93,46,8.03,scattered clouds
267,oktyabrskiy,RU,2020-12-05 19:19:06,54.48,53.47,3.33,89,2,1.21,clear sky
268,abu samrah,SY,2020-12-05 19:19:06,35.3,37.18,53.65,69,16,6.4,few clouds
269,shahdadkot,PK,2020-12-05 19:19:06,27.85,67.91,68.09,25,0,1.97,clear sky
270,cayenne,GF,2020-12-05 19:19:06,4.93,-52.33,87.8,66,20,9.17,few clouds
271,vila franca do campo,PT,2020-12-05 19:19:06,37.72,-25.43,57.2,71,40,8.05,scattered clouds
272,gillette,US,2020-12-05 19:19:06,44.29,-105.5,50.0,27,1,9.17,clear sky
273,never,FR,2020-12-05 19:19:06,46.99,3.16,37.4,74,0,4.7,clear sky
274,ossora,RU,2020-12-05 19:19:06,59.24,163.07,11.86,91,71,5.19,broken clouds
275,wladyslawowo,PL,2020-12-05 19:19:06,54.79,18.4,46.99,86,0,9.17,clear sky
276,tambun,ID,2020-12-05 19:19:06,-6.26,107.07,78.01,94,75,3.36,broken clouds
277,caruray,PH,2020-12-05 19:19:06,10.31,119.01,78.8,88,20,4.7,few clouds
278,maarianhamina,AX,2020-12-05 19:19:07,60.1,19.93,46.4,87,90,16.11,overcast clouds
279,juneau,US,2020-12-05 19:19:07,58.3,-134.42,42.8,100,90,6.58,moderate rain
280,plettenberg bay,ZA,2020-12-05 19:19:07,-34.05,23.37,65.64,87,42,13.22,scattered clouds
281,hovd,MN,2020-12-05 19:19:07,48.01,91.64,2.57,71,0,1.72,clear sky
282,tasiilaq,GL,2020-12-05 19:19:07,65.61,-37.64,26.6,53,75,4.7,broken clouds
283,saint-pierre,RE,2020-12-05 19:19:07,-21.34,55.48,77.0,65,0,3.36,clear sky
284,urumqi,CN,2020-12-05 19:18:14,43.8,87.6,10.4,85,100,2.24,mist
285,vigia,BR,2020-12-05 19:19:07,-0.86,-48.14,84.2,79,75,8.05,light rain
286,bambous virieux,MU,2020-12-05 19:19:07,-20.34,57.76,77.0,78,20,6.93,few clouds
287,cobija,BO,2020-12-05 19:19:07,-11.03,-68.77,87.44,55,100,2.15,overcast clouds
288,north ogden,US,2020-12-05 19:19:07,41.31,-111.96,35.6,50,1,4.7,clear sky
289,severo-kurilsk,RU,2020-12-05 19:19:07,50.68,156.12,29.21,95,100,16.96,snow
290,guiren,CN,2020-12-05 19:19:07,33.67,118.19,36.55,77,0,2.46,clear sky
291,great yarmouth,GB,2020-12-05 19:19:07,52.61,1.73,39.0,100,97,7.45,overcast clouds
292,miri,MY,2020-12-05 19:19:07,4.41,114.01,77.0,100,40,2.24,scattered clouds
293,egvekinot,RU,2020-12-05 19:19:08,66.32,-179.17,6.33,96,70,0.81,broken clouds
294,takoradi,GH,2020-12-05 19:19:08,4.88,-1.76,79.68,83,99,8.46,light rain
295,grand gaube,MU,2020-12-05 19:19:08,-20.01,57.66,75.0,85,34,1.99,scattered clouds
296,harqalah,TN,2020-12-05 19:19:08,36.03,10.51,59.0,58,40,5.82,scattered clouds
297,worthington,US,2020-12-05 19:19:08,40.09,-83.02,42.01,61,61,8.52,broken clouds
298,ambon,ID,2020-12-05 19:19:08,-3.7,128.18,82.0,90,100,4.54,moderate rain
299,kholodnyy,RU,2020-12-05 19:19:08,62.72,147.95,-13.56,86,100,1.12,overcast clouds
300,manhattan,US,2020-12-05 19:15:55,40.78,-73.97,46.0,81,90,12.75,overcast clouds
301,cabedelo,BR,2020-12-05 19:19:08,-6.98,-34.83,84.2,70,75,16.11,broken clouds
302,ordu,TR,2020-12-05 19:19:08,40.91,37.68,48.2,100,40,3.18,scattered clouds
303,paita,PE,2020-12-05 19:19:08,-5.09,-81.11,78.8,61,0,17.22,clear sky
304,namibe,AO,2020-12-05 19:19:08,-15.2,12.15,66.67,76,100,9.28,overcast clouds
305,rosita,NI,2020-12-05 19:19:08,13.93,-84.4,84.24,65,56,5.03,broken clouds
306,san cristobal,VE,2020-12-05 19:19:08,7.77,-72.22,86.0,62,40,10.29,scattered clouds
307,tabou,CI,2020-12-05 19:19:09,4.42,-7.35,79.21,82,78,5.48,light rain
308,udayagiri,IN,2020-12-05 19:19:09,20.13,84.38,57.9,68,44,1.57,scattered clouds
309,san quintin,MX,2020-12-05 19:19:09,30.48,-115.95,68.65,24,1,6.04,clear sky
310,longyan,CN,2020-12-05 19:19:09,25.11,117.02,47.7,84,0,3.53,clear sky
311,campbeltown,GB,2020-12-05 19:19:09,55.43,-5.61,35.6,78,0,6.93,clear sky
312,victor harbor,AU,2020-12-05 19:19:09,-35.57,138.62,55.99,66,36,17.85,scattered clouds
313,svetlogorsk,BY,2020-12-05 19:19:09,52.63,29.73,28.67,97,82,12.53,broken clouds
314,bengkulu,ID,2020-12-05 19:19:09,-3.8,102.27,76.86,82,100,6.13,overcast clouds
315,sao joao da barra,BR,2020-12-05 19:19:09,-21.64,-41.05,87.8,58,40,16.11,scattered clouds
316,phuket,TH,2020-12-05 19:19:09,8.0,98.25,82.99,78,20,14.99,few clouds
317,hirara,JP,2020-12-05 19:19:09,24.8,125.28,72.63,88,100,27.2,overcast clouds
318,grand-santi,GF,2020-12-05 19:19:10,4.25,-54.38,90.14,48,100,2.57,overcast clouds
319,los llanos de aridane,ES,2020-12-05 19:19:10,28.66,-17.92,66.2,72,40,18.34,scattered clouds
320,srednekolymsk,RU,2020-12-05 19:19:10,67.45,153.68,-24.36,87,97,0.65,overcast clouds
321,gaoua,BF,2020-12-05 19:19:10,10.3,-3.25,85.1,21,80,4.76,broken clouds
322,carnarvon,AU,2020-12-05 19:19:10,-24.87,113.63,69.8,77,98,19.46,overcast clouds
323,puerto cabezas,NI,2020-12-05 19:19:10,14.04,-83.39,86.0,79,75,6.93,haze
324,hay river,CA,2020-12-05 19:19:10,60.82,-115.8,33.8,74,21,6.93,few clouds
325,mehamn,NO,2020-12-05 19:19:10,71.04,27.85,33.24,94,100,21.97,light snow
326,sovetskiy,RU,2020-12-05 19:19:10,61.36,63.58,14.38,87,23,5.79,few clouds
327,puksoozero,RU,2020-12-05 19:19:10,62.59,40.61,27.03,97,100,11.43,overcast clouds
328,tizimin,MX,2020-12-05 19:19:10,21.15,-88.15,80.96,81,100,6.02,moderate rain
329,quelimane,MZ,2020-12-05 19:19:10,-17.88,36.89,80.6,83,75,5.82,light rain
330,poum,NC,2020-12-05 19:19:11,-20.23,164.02,76.87,77,0,11.5,clear sky
331,roma,US,2020-12-05 19:18:04,43.21,-75.46,37.4,69,90,16.11,overcast clouds
332,talaya,RU,2020-12-05 19:19:11,61.38,152.75,-1.23,90,100,2.51,overcast clouds
333,argayash,RU,2020-12-05 19:19:11,55.49,60.88,15.8,92,75,4.47,light snow
334,gueugnon,FR,2020-12-05 19:19:11,46.6,4.06,35.01,95,0,2.24,clear sky
335,pangody,RU,2020-12-05 19:19:11,65.85,74.49,5.83,95,2,10.29,clear sky
336,ferrol,ES,2020-12-05 19:19:11,43.48,-8.24,50.0,75,25,1.99,scattered clouds
337,richards bay,ZA,2020-12-05 19:19:11,-28.78,32.04,69.87,82,48,10.22,scattered clouds
338,hulan ergi,CN,2020-12-05 19:19:11,47.2,123.63,14.45,86,94,1.48,overcast clouds
339,natal,BR,2020-12-05 19:17:58,-5.79,-35.21,86.0,55,20,17.22,few clouds
340,muros,ES,2020-12-05 19:19:11,42.78,-9.06,45.0,93,4,4.0,clear sky
341,lompoc,US,2020-12-05 19:19:11,34.64,-120.46,66.0,25,1,3.13,clear sky
342,barcelos,PT,2020-12-05 19:17:43,41.54,-8.62,44.6,93,75,11.41,broken clouds
343,menongue,AO,2020-12-05 19:19:12,-14.66,17.69,68.25,54,5,2.77,clear sky
344,yar-sale,RU,2020-12-05 19:19:12,66.83,70.83,11.05,93,6,9.98,clear sky
345,kununurra,AU,2020-12-05 19:19:12,-15.77,128.73,78.8,94,100,1.12,overcast clouds
346,guadix,ES,2020-12-05 19:19:12,37.3,-3.14,37.0,81,64,8.01,broken clouds
347,alyangula,AU,2020-12-05 19:19:12,-13.85,136.42,77.0,100,49,2.24,scattered clouds
348,dongdu,CN,2020-12-05 19:19:12,35.85,117.7,32.38,81,0,2.82,clear sky
349,ewo,CG,2020-12-05 19:19:12,-0.87,14.82,76.95,75,64,2.66,broken clouds
350,tupik,RU,2020-12-05 19:19:12,54.43,119.93,-2.67,87,0,2.93,clear sky
351,palmer,US,2020-12-05 19:19:12,42.16,-72.33,34.0,95,90,20.8,snow
352,algeciras,ES,2020-12-05 19:18:52,36.13,-5.45,51.8,66,20,13.87,few clouds
353,mozelos,PT,2020-12-05 19:19:12,41.87,-8.4,46.0,81,40,8.05,scattered clouds
354,khandyga,RU,2020-12-05 19:19:12,62.67,135.6,-11.78,90,100,3.09,overcast clouds
355,saldanha,ZA,2020-12-05 19:19:12,-33.01,17.94,75.2,47,0,6.93,clear sky
356,coffs harbour,AU,2020-12-05 19:14:48,-30.3,153.13,77.0,65,100,8.05,light rain
357,yinchuan,CN,2020-12-05 19:19:13,38.47,106.27,21.4,93,0,1.32,clear sky
358,eureka,US,2020-12-05 19:16:16,40.8,-124.16,60.01,71,1,3.36,clear sky
359,chunian,PK,2020-12-05 19:19:13,30.96,73.98,61.11,44,40,5.06,scattered clouds
360,iranshahr,IR,2020-12-05 19:16:15,27.2,60.68,64.4,36,0,4.7,clear sky
361,antsohihy,MG,2020-12-05 19:19:13,-14.88,47.99,79.56,81,0,4.61,moderate rain
362,kloulklubed,PW,2020-12-05 19:19:13,7.04,134.26,77.0,94,75,4.7,broken clouds
363,laguna,US,2020-12-05 19:19:13,38.42,-121.42,60.01,44,1,3.36,clear sky
364,shakhunya,RU,2020-12-05 19:19:13,57.68,46.61,12.83,92,0,7.85,clear sky
365,akonolinga,CM,2020-12-05 19:19:13,3.77,12.25,78.03,52,99,2.21,overcast clouds
366,asau,RO,2020-12-05 19:19:13,46.43,26.4,39.99,32,99,3.71,overcast clouds
367,riyadh,SA,2020-12-05 19:18:58,24.69,46.72,75.2,47,0,10.29,clear sky
368,kruisfontein,ZA,2020-12-05 19:19:13,-34.0,24.73,66.0,85,25,3.0,scattered clouds
369,yellandu,IN,2020-12-05 19:19:13,17.6,80.33,66.09,72,0,1.7,clear sky
370,sioux lookout,CA,2020-12-05 19:19:14,50.1,-91.92,24.8,85,75,2.24,broken clouds
371,filingue,NE,2020-12-05 19:19:14,14.35,3.32,83.03,17,31,3.24,scattered clouds
372,alicia,PH,2020-12-05 19:19:14,16.78,121.7,73.81,95,100,4.76,overcast clouds
373,beringovskiy,RU,2020-12-05 19:19:14,63.05,179.32,24.03,95,100,3.94,overcast clouds
374,paraiso,CR,2020-12-05 19:18:37,9.84,-83.87,78.8,47,0,10.29,clear sky
375,dikson,RU,2020-12-05 19:19:14,73.51,80.55,11.39,92,98,9.15,overcast clouds
376,henties bay,NA,2020-12-05 19:19:14,-22.12,14.28,62.01,85,95,8.95,overcast clouds
377,feni,BD,2020-12-05 19:19:14,23.02,91.41,64.09,71,0,2.04,clear sky
378,derzhavinsk,KZ,2020-12-05 19:19:14,51.1,66.32,-5.71,91,51,8.99,broken clouds
379,mount isa,AU,2020-12-05 19:19:14,-20.73,139.5,87.8,48,40,11.41,scattered clouds
380,waharoa,NZ,2020-12-05 19:19:14,-37.77,175.77,63.0,73,8,3.0,clear sky
381,sobolevo,RU,2020-12-05 19:19:14,54.43,31.9,26.4,96,3,12.82,clear sky
382,faya,SA,2020-12-05 19:19:14,18.39,42.45,60.8,93,0,5.01,clear sky
383,tuatapere,NZ,2020-12-05 19:19:14,-46.13,167.68,52.0,81,57,1.99,broken clouds
384,port hedland,AU,2020-12-05 19:19:15,-20.32,118.57,86.0,74,62,8.05,broken clouds
385,homer,US,2020-12-05 19:19:15,59.64,-151.55,18.0,85,1,3.36,clear sky
386,de aar,ZA,2020-12-05 19:19:15,-30.65,24.01,76.66,18,0,4.74,clear sky
387,banjarmasin,ID,2020-12-05 19:19:15,-3.32,114.59,73.4,100,90,10.29,overcast clouds
388,kemijarvi,FI,2020-12-05 19:19:15,66.71,27.43,34.39,96,100,6.6,overcast clouds
389,praia da vitoria,PT,2020-12-05 19:19:15,38.73,-27.07,57.99,87,75,8.99,light rain
390,tecoanapa,MX,2020-12-05 19:19:15,16.52,-98.75,83.39,61,100,8.43,overcast clouds
391,talnakh,RU,2020-12-05 19:19:15,69.49,88.4,15.8,92,75,13.42,light snow
392,marawi,PH,2020-12-05 19:19:15,8.0,124.29,75.99,89,88,5.01,overcast clouds
393,hohhot,CN,2020-12-05 19:19:15,40.81,111.65,17.6,92,40,2.48,light snow
394,dakar,SN,2020-12-05 19:15:16,14.69,-17.44,80.6,69,0,13.87,clear sky
395,kangaatsiaq,GL,2020-12-05 19:19:15,68.31,-53.46,29.34,98,100,12.08,overcast clouds
396,mobile,US,2020-12-05 19:19:15,30.78,-88.2,60.01,50,20,5.82,few clouds
397,acajutla,SV,2020-12-05 19:19:15,13.59,-89.83,81.0,73,97,3.0,overcast clouds
398,maniitsoq,GL,2020-12-05 19:19:16,65.42,-52.9,30.2,98,100,11.56,light snow
399,touros,BR,2020-12-05 19:19:16,-5.2,-35.46,86.0,55,0,18.34,clear sky
400,kapit,MY,2020-12-05 19:19:16,2.02,112.93,73.31,94,100,1.16,overcast clouds
401,puerto escondido,MX,2020-12-05 19:19:16,15.85,-97.07,87.8,70,40,4.7,scattered clouds
402,fengzhen,CN,2020-12-05 19:19:16,40.44,113.15,13.23,94,89,3.44,overcast clouds
403,fonte boa,BR,2020-12-05 19:19:16,-2.5,-66.27,86.83,68,99,2.15,overcast clouds
404,lingyuan,CN,2020-12-05 19:19:16,41.24,119.4,9.39,85,43,2.75,scattered clouds
405,morro bay,US,2020-12-05 19:19:16,35.37,-120.85,68.0,48,0,1.99,clear sky
406,ati,TD,2020-12-05 19:19:16,13.22,18.34,83.84,14,69,8.43,broken clouds
407,serra talhada,BR,2020-12-05 19:19:16,-7.99,-38.3,96.1,20,10,6.13,clear sky
408,tuy hoa,VN,2020-12-05 19:19:17,13.08,109.3,70.21,91,100,9.15,light rain
409,gol,NO,2020-12-05 19:19:17,60.7,8.95,26.01,97,100,4.21,light snow
410,antofagasta,CL,2020-12-05 19:15:21,-23.65,-70.4,70.0,64,40,14.99,scattered clouds
411,zhigalovo,RU,2020-12-05 19:19:17,54.81,105.16,-2.96,89,100,3.8,overcast clouds
412,pimampiro,EC,2020-12-05 19:19:17,0.4,-77.97,72.07,49,92,5.1,light rain
413,makakilo city,US,2020-12-05 19:19:17,21.35,-158.09,75.2,78,1,8.97,clear sky
414,kiruna,SE,2020-12-05 19:19:17,67.86,20.23,26.6,92,100,5.82,overcast clouds
415,bonfim,BR,2020-12-05 19:19:17,3.08,-59.95,90.7,49,100,5.57,overcast clouds
416,kismayo,SO,2020-12-05 19:19:17,-0.36,42.55,80.38,77,33,12.55,scattered clouds
417,valence,ES,2020-12-05 19:19:17,39.47,-0.38,51.01,53,20,11.41,few clouds
418,caravelas,BR,2020-12-05 19:19:17,-17.71,-39.25,81.48,68,98,11.25,overcast clouds
419,muroto,JP,2020-12-05 19:19:17,33.28,134.15,55.94,64,14,6.46,few clouds
420,campbell river,CA,2020-12-05 19:19:18,50.02,-125.24,44.01,100,90,8.05,mist
421,porosozero,RU,2020-12-05 19:19:18,62.72,32.73,34.41,91,100,11.25,overcast clouds
422,bud,US,2020-12-05 19:19:18,39.45,-86.18,41.0,60,40,6.93,scattered clouds
423,hailey,US,2020-12-05 19:14:54,43.52,-114.32,34.0,50,5,11.41,clear sky
424,fairbanks,US,2020-12-05 19:16:05,64.84,-147.72,-2.2,76,90,4.7,light snow
425,whitehorse,CA,2020-12-05 19:15:04,60.72,-135.05,17.6,92,90,8.05,light snow
426,springbok,ZA,2020-12-05 19:19:18,-29.66,17.89,59.09,51,0,3.56,clear sky
427,nur,PL,2020-12-05 19:19:18,52.67,22.32,46.0,75,97,8.99,overcast clouds
428,colesberg,ZA,2020-12-05 19:19:18,-30.72,25.1,69.96,32,0,13.38,clear sky
429,kalagarh,IN,2020-12-05 19:19:18,29.5,78.75,60.69,49,0,4.29,clear sky
430,bowen,AU,2020-12-05 19:19:18,-20.02,148.23,68.0,94,100,3.36,overcast clouds
431,foca,TR,2020-12-05 19:16:44,38.67,26.76,57.2,76,20,3.36,few clouds
432,harper,LR,2020-12-05 19:19:19,4.38,-7.72,79.09,83,30,5.55,scattered clouds
433,benguela,AO,2020-12-05 19:19:19,-12.58,13.41,74.97,79,94,6.11,overcast clouds
434,luunja,EE,2020-12-05 19:19:19,58.36,26.88,37.0,87,88,13.87,overcast clouds
435,lastoursville,GA,2020-12-05 19:19:19,-0.81,12.73,73.54,91,16,2.26,few clouds
436,rosarito,MX,2020-12-05 19:19:19,32.33,-117.03,66.2,22,1,5.82,clear sky
437,obernai,FR,2020-12-05 19:19:19,48.46,7.48,39.2,93,90,2.24,overcast clouds
438,barranca,PE,2020-12-05 19:19:19,-10.75,-77.77,71.53,69,100,11.03,overcast clouds
439,peniche,PT,2020-12-05 19:19:19,39.36,-9.38,51.01,84,72,4.0,broken clouds
440,suntar,RU,2020-12-05 19:19:19,62.14,117.63,7.03,93,100,12.64,light snow
441,boende,CD,2020-12-05 19:19:19,-0.22,20.87,72.61,93,71,1.16,light rain
442,san matias,BO,2020-12-05 19:19:19,-16.37,-58.4,91.54,45,99,5.32,overcast clouds
443,san patricio,US,2020-12-05 19:19:19,28.02,-97.52,55.0,66,90,10.29,overcast clouds
444,griffith,US,2020-12-05 19:19:19,41.53,-87.42,39.2,55,90,9.17,overcast clouds
445,sibolga,ID,2020-12-05 19:19:19,1.74,98.78,76.78,80,100,2.86,light rain
446,kailua,US,2020-12-05 19:19:20,21.4,-157.74,79.0,74,40,6.93,scattered clouds
447,tianpeng,CN,2020-12-05 19:19:20,30.99,103.94,45.0,1,61,4.41,broken clouds
448,la palma,US,2020-12-05 19:19:20,33.85,-118.05,71.6,12,1,2.06,clear sky
449,ballina,AU,2020-12-05 19:19:20,-28.87,153.57,73.4,88,85,16.11,overcast clouds
450,my tho,VN,2020-12-05 19:19:20,10.35,106.35,75.2,73,20,4.7,few clouds
451,matay,EG,2020-12-05 19:19:20,28.42,30.78,58.01,41,0,5.23,clear sky
452,moindou,NC,2020-12-05 19:19:20,-21.69,165.68,64.4,88,0,4.7,clear sky
453,simbahan,PH,2020-12-05 19:19:20,6.3,120.58,82.9,72,85,5.64,overcast clouds
454,yumen,CN,2020-12-05 19:19:20,40.28,97.2,17.1,89,100,2.26,overcast clouds
455,provideniya,RU,2020-12-05 19:19:20,64.38,-173.3,16.3,86,0,4.05,clear sky
456,bunia,CD,2020-12-05 19:19:20,1.57,30.25,64.27,81,0,1.74,clear sky
457,la sarre,CA,2020-12-05 19:15:03,48.8,-79.2,20.95,95,98,4.85,overcast clouds
458,baykit,RU,2020-12-05 19:19:20,61.67,96.37,3.78,89,100,7.02,overcast clouds
459,qandala,SO,2020-12-05 19:19:20,11.47,49.87,77.68,63,60,3.91,broken clouds
460,birao,CF,2020-12-05 19:19:21,10.28,22.79,76.87,23,4,4.72,clear sky
461,phan thiet,VN,2020-12-05 19:19:21,10.93,108.1,72.41,85,58,3.98,broken clouds
462,ramanuj ganj,IN,2020-12-05 19:19:21,23.8,83.7,58.51,50,0,3.24,clear sky
463,barra patuca,HN,2020-12-05 19:19:21,15.8,-84.28,81.45,75,85,5.75,overcast clouds
464,arroyo,ES,2020-12-05 19:19:21,41.61,-4.8,39.99,81,20,13.87,few clouds
465,poplar bluff,US,2020-12-05 19:19:21,36.76,-90.39,57.0,53,1,3.29,clear sky
466,morehead,US,2020-12-05 19:19:21,37.27,-87.18,51.8,43,1,6.35,clear sky
467,khasan,RU,2020-12-05 19:19:21,42.43,130.64,29.71,81,42,5.55,scattered clouds
468,vostok,RU,2020-12-05 19:19:21,46.49,135.88,2.19,95,70,4.63,broken clouds
469,moussoro,TD,2020-12-05 19:19:21,13.64,16.49,80.47,15,0,7.52,clear sky
470,billings,US,2020-12-05 19:19:21,45.78,-108.5,46.4,31,40,18.34,scattered clouds
471,samarai,PG,2020-12-05 19:19:21,-10.62,150.67,80.6,80,2,2.53,light rain
472,atambua,ID,2020-12-05 19:19:22,-9.11,124.89,75.27,88,100,2.26,overcast clouds
473,biltine,TD,2020-12-05 19:19:22,14.53,20.92,76.12,19,100,4.94,overcast clouds
474,tineo,ES,2020-12-05 19:19:22,43.34,-6.41,48.0,70,75,16.11,broken clouds
475,bandundu,CD,2020-12-05 19:19:22,-3.32,17.37,70.5,96,100,0.85,overcast clouds
476,oltina,RO,2020-12-05 19:19:22,44.17,27.67,48.99,93,90,11.41,overcast clouds
477,glace bay,CA,2020-12-05 19:19:22,46.2,-59.96,51.01,100,90,6.93,light rain
478,abu dhabi,AE,2020-12-05 19:15:06,24.47,54.37,77.0,78,0,2.24,clear sky
479,bonavista,CA,2020-12-05 19:19:22,48.65,-53.11,48.2,87,100,4.7,overcast clouds
480,chornyanka,UA,2020-12-05 19:19:22,46.65,33.36,32.0,76,90,15.66,overcast clouds
481,barcelona,ES,2020-12-05 19:16:29,41.39,2.16,50.0,49,20,6.93,few clouds
482,thohoyandou,ZA,2020-12-05 19:19:22,-22.95,30.48,61.97,98,100,5.88,moderate rain
483,shitanjing,CN,2020-12-05 19:19:22,39.23,106.34,17.65,89,0,8.25,clear sky
484,halifax,CA,2020-12-05 19:16:25,44.65,-63.57,52.0,100,100,11.41,moderate rain
485,marsabit,KE,2020-12-05 19:19:22,2.33,37.99,71.22,60,0,10.58,clear sky
486,annau,TM,2020-12-05 19:19:23,37.89,58.52,32.0,69,0,2.24,clear sky
487,port moresby,PG,2020-12-05 19:19:23,-9.44,147.18,78.8,94,75,3.36,moderate rain
488,indianola,US,2020-12-05 19:19:23,41.36,-93.56,46.99,54,0,5.91,clear sky
489,saint-augustin,CA,2020-12-05 19:19:23,51.23,-58.65,35.04,86,100,8.39,overcast clouds
490,ouadda,CF,2020-12-05 19:19:23,8.08,22.4,74.97,25,7,4.54,clear sky
491,fallon,US,2020-12-05 19:19:23,39.47,-118.78,41.0,47,1,4.7,clear sky
492,raudeberg,NO,2020-12-05 19:19:23,61.99,5.14,36.0,69,0,9.17,clear sky
493,buy,RU,2020-12-05 19:19:23,58.48,41.53,16.47,93,0,8.68,clear sky
494,saint-joseph,RE,2020-12-05 19:19:23,-21.37,55.62,77.0,65,0,3.36,clear sky
495,hinton,CA,2020-12-05 19:19:23,53.4,-117.59,30.2,63,100,2.24,overcast clouds
496,iturama,BR,2020-12-05 19:19:23,-19.73,-50.2,93.4,34,100,4.59,overcast clouds
497,visnes,NO,2020-12-05 19:19:23,59.36,5.22,39.2,65,100,8.05,light rain
498,presidente medici,BR,2020-12-05 19:19:23,-11.18,-61.9,94.19,41,100,3.33,overcast clouds
499,dongsheng,CN,2020-12-05 19:19:24,39.82,109.98,12.38,93,0,9.69,clear sky
500,kandri,IN,2020-12-05 19:19:24,21.42,79.27,62.6,63,1,4.68,haze
501,lavrentiya,RU,2020-12-05 19:19:24,65.58,-171.0,13.77,80,0,3.38,clear sky
502,te anau,NZ,2020-12-05 19:19:24,-45.42,167.72,44.47,82,100,1.66,overcast clouds
503,lata,PT,2020-12-05 19:19:24,40.16,-8.33,46.99,94,97,4.34,moderate rain
504,ullapool,GB,2020-12-05 19:19:24,57.9,-5.16,39.99,52,90,1.99,overcast clouds
505,kilindoni,TZ,2020-12-05 19:19:24,-7.91,39.67,81.28,76,0,11.56,clear sky
506,stroby egede,DK,2020-12-05 19:19:24,55.41,12.24,41.0,86,100,8.05,overcast clouds
507,kirakira,SB,2020-12-05 19:19:24,-10.45,161.92,78.73,79,85,1.19,moderate rain
508,truckee,US,2020-12-05 19:19:24,39.33,-120.18,50.0,59,5,5.1,clear sky
509,chok chai,TH,2020-12-05 19:19:24,14.73,102.17,64.99,99,0,5.32,clear sky
510,juba,SS,2020-12-05 19:15:00,4.85,31.58,85.32,40,75,4.83,broken clouds
511,mocajuba,BR,2020-12-05 19:19:24,-2.58,-49.51,87.12,66,100,3.87,light rain
512,batagay,RU,2020-12-05 19:19:24,67.63,134.63,-24.39,84,87,3.96,overcast clouds
513,port lincoln,AU,2020-12-05 19:19:25,-34.73,135.87,56.98,66,100,19.39,overcast clouds
514,rochegda,RU,2020-12-05 19:19:25,62.8,43.25,24.19,97,100,8.5,overcast clouds
515,yambio,SS,2020-12-05 19:19:25,4.57,28.4,75.42,51,0,4.18,clear sky
516,shelburne,CA,2020-12-05 19:19:25,44.08,-80.2,28.99,94,4,11.99,clear sky
517,porto belo,BR,2020-12-05 19:19:25,-27.16,-48.55,68.0,88,75,6.93,light rain
518,high rock,BS,2020-12-05 19:19:25,26.62,-78.28,80.6,61,20,8.05,few clouds
519,bubaque,GW,2020-12-05 19:19:25,11.28,-15.83,81.52,70,95,13.82,overcast clouds
520,majene,ID,2020-12-05 19:19:25,-3.54,118.97,78.85,79,100,4.47,overcast clouds
521,san vicente,AR,2020-12-05 19:19:25,-26.62,-54.13,80.83,43,75,7.52,broken clouds
522,nyimba,ZM,2020-12-05 19:19:25,-14.56,30.81,73.56,75,59,3.76,light rain
523,teguise,ES,2020-12-05 19:19:25,29.06,-13.56,62.6,77,40,9.17,scattered clouds
524,umea,SE,2020-12-05 19:19:25,63.83,20.26,41.0,100,90,5.82,mist
525,buala,SB,2020-12-05 19:19:26,-8.14,159.59,80.42,80,56,6.31,light rain
526,tommot,RU,2020-12-05 19:19:26,58.96,126.29,-2.06,88,99,8.28,overcast clouds
527,polson,US,2020-12-05 19:19:26,47.69,-114.16,26.6,73,90,5.82,overcast clouds
528,ust-shonosha,RU,2020-12-05 19:19:26,61.15,41.34,23.07,96,97,9.98,overcast clouds
529,pacific grove,US,2020-12-05 19:19:26,36.62,-121.92,60.8,31,1,4.7,clear sky
530,kindia,GN,2020-12-05 19:19:26,10.06,-12.87,78.26,48,36,1.63,scattered clouds
531,kon tum,VN,2020-12-05 19:19:26,14.35,108.0,59.25,89,10,3.02,clear sky
532,tura,IN,2020-12-05 19:15:01,25.52,90.22,61.21,75,0,2.93,clear sky
533,sangar,RU,2020-12-05 19:19:26,63.92,127.47,-21.46,88,100,1.74,overcast clouds
534,pedreiras,BR,2020-12-05 19:19:26,-4.57,-44.6,90.93,54,77,1.43,broken clouds
535,lexington,US,2020-12-05 19:17:28,37.99,-84.48,46.0,70,20,8.05,few clouds
536,roald,NO,2020-12-05 19:19:26,62.58,6.13,36.0,80,0,4.7,clear sky
537,west bay,KY,2020-12-05 19:19:26,19.37,-81.42,82.0,94,75,4.7,broken clouds
538,tual,ID,2020-12-05 19:19:26,-5.67,132.75,84.24,69,47,1.81,scattered clouds
539,arsenyev,RU,2020-12-05 19:19:27,44.16,133.27,15.28,92,0,1.57,clear sky
540,bukachacha,RU,2020-12-05 19:19:27,52.98,116.92,2.68,90,0,3.51,clear sky
541,mahon,ES,2020-12-05 19:19:27,39.89,4.27,46.4,75,40,2.24,scattered clouds
542,naze,JP,2020-12-05 19:19:27,28.37,129.48,66.2,100,90,14.99,mist
543,saint-georges,GD,2020-12-05 19:19:27,12.06,-61.75,86.0,70,75,17.22,broken clouds
544,aksarka,RU,2020-12-05 19:19:27,66.56,67.8,12.7,93,96,12.26,overcast clouds
545,krasnystaw,PL,2020-12-05 19:19:27,50.98,23.17,44.6,100,75,16.11,broken clouds
546,srandakan,ID,2020-12-05 19:19:27,-7.94,110.25,77.4,86,85,3.38,moderate rain
547,matai,TZ,2020-12-05 19:19:27,-8.3,31.52,64.4,82,20,1.61,few clouds
548,ndele,CF,2020-12-05 19:19:27,8.41,20.65,78.51,24,1,3.71,clear sky
549,calabozo,VE,2020-12-05 19:19:27,8.92,-67.43,86.32,65,93,5.28,overcast clouds
550,lotoshino,RU,2020-12-05 19:19:27,56.23,35.64,22.24,92,0,11.83,clear sky
551,onega,RU,2020-12-05 19:19:27,63.91,38.14,35.69,86,100,12.64,overcast clouds
552,adjumani,UG,2020-12-05 19:19:27,3.38,31.79,77.58,55,85,2.33,overcast clouds
553,sabalgarh,IN,2020-12-05 19:19:28,26.25,77.4,67.35,32,0,3.8,clear sky
554,chicama,PE,2020-12-05 19:19:28,-7.84,-79.15,69.8,73,20,12.75,few clouds
555,tobermory,CA,2020-12-05 19:19:28,45.25,-81.67,28.4,86,91,12.75,overcast clouds
556,portland,US,2020-12-05 19:17:19,45.52,-122.68,48.0,56,1,11.41,clear sky
557,eyl,SO,2020-12-05 19:19:28,7.98,49.82,77.2,75,97,10.18,overcast clouds
558,piritiba,BR,2020-12-05 19:18:42,-11.73,-40.56,82.09,56,0,5.73,clear sky
559,coihaique,CL,2020-12-05 19:19:28,-45.58,-72.07,75.2,33,0,4.7,clear sky
560,sharlyk,RU,2020-12-05 19:18:29,52.92,54.75,5.72,91,0,3.11,clear sky
561,big spring,US,2020-12-05 19:19:28,32.25,-101.48,42.8,38,90,5.82,overcast clouds
562,labuhan,ID,2020-12-05 19:19:28,-6.88,112.21,78.87,87,100,6.6,overcast clouds
563,waitati,NZ,2020-12-05 19:19:28,-45.75,170.57,52.0,65,17,7.0,few clouds
564,mathbaria,BD,2020-12-05 19:19:29,22.29,89.96,64.98,85,0,1.16,clear sky
565,karaton,ID,2020-12-05 19:19:29,-6.34,106.1,78.01,94,75,3.36,broken clouds
566,camapua,BR,2020-12-05 19:16:19,-19.53,-54.04,79.41,77,100,6.11,overcast clouds
567,kodinsk,RU,2020-12-05 19:19:29,58.69,99.18,8.06,93,100,10.56,light snow
568,luwuk,ID,2020-12-05 19:19:29,-0.95,122.79,78.4,74,100,3.58,overcast clouds
569,aykhal,RU,2020-12-05 19:19:29,66.0,111.5,6.8,84,0,8.95,light snow
570,galesong,ID,2020-12-05 19:19:29,-5.32,119.37,75.2,100,20,2.24,few clouds
571,itarema,BR,2020-12-05 19:19:29,-2.92,-39.92,84.7,63,0,18.34,clear sky
572,voh,NC,2020-12-05 19:19:29,-20.97,164.7,73.36,82,1,3.4,clear sky
573,nuuk,GL,2020-12-05 19:19:29,64.18,-51.72,32.0,97,90,16.11,snow
574,tari,NG,2020-12-05 19:19:30,12.41,4.49,82.33,19,4,7.02,clear sky
575,ola,RU,2020-12-05 19:19:30,59.58,151.28,16.5,96,100,5.59,light snow
576,vaitape,PF,2020-12-05 19:19:30,-16.52,-151.75,80.82,78,100,19.26,light rain
577,ilfracombe,GB,2020-12-05 19:19:30,51.21,-4.11,44.01,82,21,8.99,few clouds
578,uray,RU,2020-12-05 19:19:30,60.12,64.78,12.07,94,44,6.33,scattered clouds
579,invercargill,NZ,2020-12-05 19:19:30,-46.4,168.35,52.0,81,69,1.99,broken clouds
580,lagoa,PT,2020-12-05 19:19:30,39.05,-27.98,60.35,72,5,9.82,clear sky
581,berlevag,NO,2020-12-05 19:19:30,70.86,29.09,33.24,92,100,17.81,overcast clouds
582,moose factory,CA,2020-12-05 19:19:30,51.26,-80.61,21.2,85,75,4.7,broken clouds
583,florence,IT,2020-12-05 19:19:30,43.77,11.25,59.0,82,75,12.75,light rain
584,chumikan,RU,2020-12-05 19:19:30,54.72,135.31,3.9,87,46,21.54,scattered clouds
585,alta floresta,BR,2020-12-05 19:19:30,-9.88,-56.09,93.0,45,100,3.83,overcast clouds
586,carutapera,BR,2020-12-05 19:19:30,-1.2,-46.02,82.72,77,100,10.4,overcast clouds
587,rio branco,BR,2020-12-05 19:16:13,-9.97,-67.81,77.0,94,75,17.22,moderate rain
588,bykovo,RU,2020-12-05 19:19:31,55.64,38.08,19.0,78,0,4.47,clear sky
589,pacifica,US,2020-12-05 19:19:31,37.61,-122.49,60.01,67,40,6.06,scattered clouds
590,temyasovo,RU,2020-12-05 19:19:31,52.99,58.1,1.4,84,40,3.2,fog
591,bull savanna,JM,2020-12-05 19:19:31,17.89,-77.59,80.55,72,96,8.43,overcast clouds
592,neringa,LT,2020-12-05 19:19:31,55.37,21.06,46.4,81,0,15.66,clear sky
593,dharchula,IN,2020-12-05 19:19:31,29.85,80.53,48.76,50,41,4.83,scattered clouds
594,necochea,AR,2020-12-05 19:16:30,-38.55,-58.74,65.71,39,0,12.75,clear sky
595,izumo,JP,2020-12-05 19:19:31,35.37,132.77,39.2,86,0,4.61,clear sky
596,belaya gora,RU,2020-12-05 19:19:31,68.53,146.42,-29.18,82,4,4.41,clear sky
597,ugoofaaru,MV,2020-12-05 19:19:31,5.67,73.0,82.17,77,100,11.41,light rain
598,nassau,US,2020-12-05 19:19:31,40.75,-73.58,44.01,81,90,16.11,overcast clouds
599,zyryanka,RU,2020-12-05 19:19:31,65.75,150.85,-26.93,83,74,1.48,broken clouds
600,edea,CM,2020-12-05 19:19:31,3.8,10.13,82.4,88,40,1.12,scattered clouds
601,tessalit,ML,2020-12-05 19:19:32,20.2,1.01,74.68,28,0,8.97,clear sky
602,talas,TR,2020-12-05 19:19:32,38.69,35.55,32.0,74,0,5.82,clear sky
603,hervey bay,AU,2020-12-05 19:19:32,-25.3,152.85,77.0,76,4,5.99,clear sky
604,gannan,CN,2020-12-05 19:19:32,47.91,123.5,15.44,86,100,3.56,overcast clouds
605,shatsk,RU,2020-12-05 19:19:32,54.03,41.71,18.7,83,62,5.99,broken clouds
606,port said,EG,2020-12-05 19:19:17,31.26,32.28,62.6,82,40,5.82,scattered clouds
607,stornoway,GB,2020-12-05 19:19:32,58.21,-6.39,44.6,87,94,11.41,overcast clouds
608,shar,KZ,2020-12-05 19:19:32,49.59,81.05,3.99,86,0,0.34,clear sky
609,sanpaul,RO,2020-12-05 19:19:32,46.45,24.35,41.0,93,0,3.36,clear sky
610,sambava,MG,2020-12-05 19:19:32,-14.27,50.17,76.55,84,69,7.18,broken clouds
611,bagotville,AU,2020-12-05 19:19:32,-28.98,153.42,73.4,88,65,16.11,broken clouds
612,usakos,NA,2020-12-05 19:19:33,-22.0,15.6,63.52,53,0,9.1,clear sky
613,arica,CL,2020-12-05 19:15:05,-18.48,-70.3,71.6,60,0,16.11,clear sky
614,kokopo,PG,2020-12-05 19:19:33,-4.35,152.26,78.91,76,81,4.14,broken clouds
615,vieux-habitants,GP,2020-12-05 19:19:33,16.06,-61.77,84.2,62,20,10.29,few clouds
616,saedinenie,BG,2020-12-05 19:19:33,42.27,24.55,44.6,100,90,4.7,mist
617,elat,IL,2020-12-05 19:19:33,29.56,34.95,66.2,45,0,4.99,clear sky
618,olafsvik,IS,2020-12-05 19:19:33,64.89,-23.71,23.58,84,25,6.04,scattered clouds
619,isangel,VU,2020-12-05 19:19:33,-19.55,169.27,77.11,84,4,8.55,clear sky
620,nizhniy tsasuchey,RU,2020-12-05 19:19:33,50.52,115.13,9.68,87,86,12.55,overcast clouds
621,caluquembe,AO,2020-12-05 19:19:33,-13.78,14.68,62.85,73,17,5.32,few clouds
622,jardim,BR,2020-12-05 19:19:33,-21.48,-56.14,80.6,81,98,6.06,overcast clouds
623,nyurba,RU,2020-12-05 19:19:34,63.28,118.33,6.58,93,100,11.88,overcast clouds
624,turukhansk,RU,2020-12-05 19:19:34,65.82,87.98,13.66,96,100,12.97,snow
625,ozernovskiy,RU,2020-12-05 19:19:34,51.5,156.52,29.37,97,100,8.25,snow
626,kristiinankaupunki,FI,2020-12-05 19:19:34,62.27,21.38,41.32,91,100,14.0,overcast clouds
627,broken hill,AU,2020-12-05 19:19:35,-31.95,141.43,55.4,54,0,14.99,clear sky
628,dicabisagan,PH,2020-12-05 19:19:35,17.08,122.42,77.4,88,100,6.93,overcast clouds
629,toguchin,RU,2020-12-05 19:19:35,55.24,84.39,1.8,91,100,3.65,overcast clouds
630,loiza,PR,2020-12-05 19:19:35,18.43,-65.88,80.6,78,75,3.36,broken clouds
631,maturin,VE,2020-12-05 19:19:35,9.75,-63.18,84.11,71,1,7.99,clear sky
632,tazovskiy,RU,2020-12-05 19:19:35,67.47,78.7,17.55,97,100,15.23,light snow
633,namatanai,PG,2020-12-05 19:19:35,-3.67,152.43,80.15,69,98,8.46,overcast clouds
634,boa vista,BR,2020-12-05 19:19:35,2.82,-60.67,93.2,44,40,9.17,scattered clouds
635,hambantota,LK,2020-12-05 19:19:36,6.12,81.12,73.4,100,0,11.72,clear sky
636,kasane,BW,2020-12-05 19:19:36,-17.82,25.15,69.8,100,40,6.93,light rain
637,meadow lake,US,2020-12-05 19:19:36,34.8,-106.54,50.0,26,20,3.36,few clouds
638,shaoguan,CN,2020-12-05 19:19:36,24.8,113.58,43.95,84,0,2.26,clear sky
639,zhigansk,RU,2020-12-05 19:19:36,66.77,123.37,-20.34,87,100,18.21,overcast clouds
640,mehran,IR,2020-12-05 19:19:36,33.12,46.16,48.2,76,75,2.24,broken clouds
641,izhma,RU,2020-12-05 19:19:36,65.01,53.91,18.57,94,100,9.78,overcast clouds
642,havre-saint-pierre,CA,2020-12-05 19:19:36,50.23,-63.6,33.8,87,90,3.36,overcast clouds
643,aljezur,PT,2020-12-05 19:19:36,37.32,-8.8,50.0,80,0,1.01,clear sky
644,semirom,IR,2020-12-05 19:17:04,31.42,51.57,39.54,81,100,4.5,light rain
645,haslett,US,2020-12-05 19:19:36,42.75,-84.4,33.8,59,75,6.93,broken clouds
646,shanghai,CN,2020-12-05 19:19:36,31.22,121.46,48.99,75,0,4.47,clear sky
647,san ramon de la nueva oran,AR,2020-12-05 19:19:36,-23.13,-64.33,70.0,86,100,5.01,overcast clouds
648,zhoucheng,CN,2020-12-05 19:19:36,35.91,116.31,32.97,84,0,5.41,clear sky
649,mocuba,MZ,2020-12-05 19:19:37,-16.84,36.99,75.78,94,100,8.99,moderate rain
650,daru,PG,2020-12-05 19:19:37,-9.08,143.21,80.33,86,100,10.36,overcast clouds
651,jinka,ET,2020-12-05 19:19:37,5.65,36.65,67.87,64,0,2.04,clear sky
652,joao pinheiro,BR,2020-12-05 19:19:37,-17.74,-46.17,86.11,52,12,3.18,few clouds
653,hudiksvall,SE,2020-12-05 19:19:37,61.73,17.1,37.67,95,100,1.52,overcast clouds
654,channel-port aux basques,CA,2020-12-05 19:19:37,47.57,-59.14,43.68,96,100,0.78,light rain
655,flekkefjord,NO,2020-12-05 19:19:37,58.3,6.66,39.0,90,100,13.98,light rain
656,porto seguro,BR,2020-12-05 19:19:37,-16.45,-39.06,82.4,65,40,16.11,scattered clouds
657,meulaboh,ID,2020-12-05 19:19:37,4.14,96.13,74.46,88,100,7.7,overcast clouds
658,cartagena,CO,2020-12-05 19:16:04,10.4,-75.51,87.8,70,40,6.93,scattered clouds
659,mareeba,AU,2020-12-05 19:19:38,-17.0,145.43,73.4,83,40,1.77,scattered clouds
660,charagua,BO,2020-12-05 19:19:38,-19.8,-63.22,68.0,72,90,6.87,overcast clouds
661,erzin,TR,2020-12-05 19:19:38,36.96,36.2,57.0,63,0,8.99,clear sky
662,gagra,GE,2020-12-05 19:19:38,43.33,40.22,45.0,75,0,3.29,clear sky
663,tokonou,GN,2020-12-05 19:19:38,9.65,-9.78,79.83,34,0,2.66,clear sky
664,batagay-alyta,RU,2020-12-05 19:19:38,67.8,130.41,-22.25,84,6,1.72,clear sky
665,maldonado,UY,2020-12-05 19:18:26,-34.67,-54.92,63.0,59,20,10.29,few clouds
666,neuquen,AR,2020-12-05 19:19:38,-38.95,-68.06,84.2,25,20,10.29,few clouds
667,umba,RU,2020-12-05 19:19:38,66.69,34.34,35.17,94,100,13.04,overcast clouds
668,saurimo,AO,2020-12-05 19:19:38,-9.66,20.39,66.81,94,100,3.74,light rain
669,tres passos,BR,2020-12-05 19:19:38,-27.46,-53.93,78.01,68,97,1.01,overcast clouds
670,novoagansk,RU,2020-12-05 19:19:39,61.94,76.66,5.29,95,62,8.93,broken clouds
671,westport,US,2020-12-05 19:18:07,41.14,-73.36,42.01,86,90,20.8,light rain
672,honningsvag,NO,2020-12-05 19:19:39,70.98,25.97,37.53,85,100,23.02,overcast clouds
673,vaxjo,SE,2020-12-05 19:19:39,56.88,14.81,42.8,100,100,5.82,overcast clouds
674,jumla,NP,2020-12-05 19:15:05,29.27,82.18,35.74,78,0,2.24,clear sky
675,sola,VU,2020-12-05 19:19:39,-13.88,167.55,75.2,100,75,4.23,broken clouds
676,chapais,CA,2020-12-05 19:19:39,49.78,-74.85,21.2,92,90,4.7,overcast clouds
677,la asuncion,VE,2020-12-05 19:19:39,11.03,-63.86,73.4,100,80,16.11,broken clouds
678,bilma,NE,2020-12-05 19:19:39,18.69,12.92,77.14,18,85,8.7,overcast clouds
679,honjo,JP,2020-12-05 19:19:39,36.23,139.18,36.0,100,1,4.59,clear sky
680,manokwari,ID,2020-12-05 19:19:39,-0.87,134.08,80.74,76,71,1.52,broken clouds
681,komsomolskiy,UZ,2020-12-05 19:19:39,40.43,71.72,33.8,64,98,1.12,overcast clouds
682,muriae,BR,2020-12-05 19:19:09,-21.13,-42.37,81.1,80,100,9.84,light rain
683,kysyl-syr,RU,2020-12-05 19:19:40,63.9,122.76,-7.94,90,100,6.44,overcast clouds
684,tateyama,JP,2020-12-05 19:19:40,34.98,139.87,46.4,81,75,8.05,broken clouds
685,ostrowiec swietokrzyski,PL,2020-12-05 19:19:40,50.93,21.39,46.0,80,55,8.01,broken clouds
686,waingapu,ID,2020-12-05 19:19:40,-9.66,120.26,80.71,80,100,8.3,light rain
687,vanimo,PG,2020-12-05 19:19:40,-2.67,141.3,79.59,84,59,3.8,broken clouds
688,merauke,ID,2020-12-05 19:19:40,-8.47,140.33,79.21,86,99,10.96,overcast clouds
689,prainha,BR,2020-12-05 19:19:40,-1.8,-53.48,92.88,44,80,4.12,broken clouds
690,oistins,BB,2020-12-05 19:19:40,13.07,-59.53,86.0,66,20,18.34,few clouds
691,keflavik,IS,2020-12-05 19:19:40,64.0,-22.56,28.4,100,90,8.05,snow
692,sarmanovo,RU,2020-12-05 19:19:40,55.26,52.59,-0.4,77,0,4.47,mist
693,mazamari,PE,2020-12-05 19:19:40,-11.33,-74.53,80.1,63,93,2.01,moderate rain
694,fuyang,CN,2020-12-05 19:19:41,32.9,115.82,36.88,77,0,2.39,clear sky
695,anaconda,US,2020-12-05 19:19:41,46.13,-112.94,30.2,54,1,4.07,clear sky
696,xalpatlahuac,MX,2020-12-05 19:19:41,17.47,-98.62,77.0,37,8,0.81,clear sky
697,kenai,US,2020-12-05 19:19:41,60.55,-151.26,1.4,91,20,5.82,few clouds
698,road town,VG,2020-12-05 19:19:41,18.42,-64.62,84.2,58,40,6.93,scattered clouds
